security,sector,industry,final_cluster,trade_volume_bin,cluster,trade_value_category,category_minimum,categiry_maximum,option_ticker,security_1,option_type,strike_price,expiration,conditions,correction,exchange,price,sip_timestamp,size,trade_value,data_date,option_condition_name,sector_1,industry_1,security_open,security_high,security_low,security_close,trade_rank,trade_value_log10,trade_value_bin,itm,itm_expiration_day,itm_expriation_close,otm
ONON,Retail-Wholesale,Retail - Apparel and Shoes,35__0,35,0.0,1. p999999_trade_value,654454.9999999999,654454.9999999999,O:ONON250404C00048000,ONON,C,48.0,2025-04-04,231,0,301,0.95,1742584158445000000,6889,654454.9999999999,2025-03-21,Single Leg Floor Trade,Retail-Wholesale,Retail - Apparel and Shoes,44.52,46.545,43.36,46.25,1,5.815879790040995,1,1,0,0,0
WING,Retail-Wholesale,Retail - Restaurants,35__4,35,4.0,4. p999_trade_value,670680.0,670680.0,O:WING250117P00280000,WING,P,280.0,2025-01-17,239,0,302,7.29,1735657745597000000,920,670680.0,2024-12-31,Multi Leg floor trade against single leg(s),Retail-Wholesale,Retail - Restaurants,287.37,287.37,281.365,284.2,2,5.82651535566353,1,1,1,1,0
WING,Retail-Wholesale,Retail - Restaurants,35__4,35,4.0,1. p999999_trade_value,2000000.0,2000000.0,O:WING250516P00220000,WING,P,220.0,2025-05-16,242,0,323,10.0,1745947774296000000,2000,2000000.0,2025-04-29,Stock Options floor trade,Retail-Wholesale,Retail - Restaurants,223.38,233.85,223.375,230.51,1,6.301029995663981,1,0,0,0,1
WSM,Retail-Wholesale,Retail - Home Furnishings,35__3,35,3.0,4. p999_trade_value,362000.0,380000.0,O:WSM241220P00185000,WSM,P,185.0,2024-12-20,235,0,313,3.62,1733510357393000000,1000,362000.0,2024-12-06,Multi Leg floor trade,Retail-Wholesale,Retail - Home Furnishings,186.62,190.08,185.4,188.82,3,5.558708570533166,1,1,1,1,0
WSM,Retail-Wholesale,Retail - Home Furnishings,35__3,35,3.0,4. p999_trade_value,362000.0,380000.0,O:WSM250417P00155000,WSM,P,155.0,2025-04-17,241,0,323,3.8,1742585860845000000,1000,380000.0,2025-03-21,Stock Options Cross,Retail-Wholesale,Retail - Home Furnishings,161.14,165.29,157.1412,163.65,2,5.57978359661681,1,1,1,1,0
WSM,Retail-Wholesale,Retail - Home Furnishings,35__3,35,3.0,1. p999999_trade_value,500000.0,500000.0,O:WSM250516C00155000,WSM,C,155.0,2025-05-16,241,0,323,5.0,1745512715489000000,1000,500000.0,2025-04-24,Stock Options Cross,Retail-Wholesale,Retail - Home Furnishings,145.82,151.69,144.98,151.4,1,5.698970004336019,1,1,1,1,0
LOW,Retail-Wholesale,Retail - Home Furnishings,35__0,35,0.0,6. p95_trade_value,20800.0,51479.99999999999,O:LOW240830C00252500,LOW,C,252.5,2024-08-30,209,0,303,2.0,1724434000536000000,188,37600.0,2024-08-23,Automatic Execution,Retail-Wholesale,Retail - Home Furnishings,241.645,251.23,240.84,250.07,57,4.575187844927661,1,1,0,0,0
LOW,Retail-Wholesale,Retail - Home Furnishings,35__0,35,0.0,6. p95_trade_value,20800.0,51479.99999999999,O:LOW240830C00252500,LOW,C,252.5,2024-08-30,209,0,320,1.92,1724442910838000000,188,36096.0,2024-08-23,Automatic Execution,Retail-Wholesale,Retail - Home Furnishings,241.645,251.23,240.84,250.07,60,4.55745907796723,1,1,0,0,0
LOW,Retail-Wholesale,Retail - Home Furnishings,35__0,35,0.0,6. p95_trade_value,20800.0,51479.99999999999,O:LOW240920C00257500,LOW,C,257.5,2024-09-20,232,0,312,2.63,1724431093146000000,95,24985.0,2024-08-23,Multi Leg auto-electronic trade,Retail-Wholesale,Retail - Home Furnishings,241.645,251.23,240.84,250.07,110,4.397679353778606,1,1,1,1,0
LOW,Retail-Wholesale,Retail - Home Furnishings,35__0,35,0.0,6. p95_trade_value,20800.0,51479.99999999999,O:LOW240920P00250000,LOW,P,250.0,2024-09-20,209,0,313,4.8,1724679290530000000,60,28800.0,2024-08-26,Automatic Execution,Retail-Wholesale,Retail - Home Furnishings,251.88,253.2,250.12,250.5,86,4.459392487759231,1,1,0,0,0
LOW,Retail-Wholesale,Retail - Home Furnishings,35__0,35,0.0,5. p99_trade_value,52379.99999999999,216000.0,O:LOW240906P00247500,LOW,P,247.5,2024-09-06,209,0,313,2.86,1724774940955000000,319,91233.99999999999,2024-08-27,Automatic Execution,Retail-Wholesale,Retail - Home Furnishings,249.86,249.93,247.625,248.57,12,4.960156716186224,1,1,1,1,0
LOW,Retail-Wholesale,Retail - Home Furnishings,35__0,35,0.0,5. p99_trade_value,52379.99999999999,216000.0,O:LOW240906P00247500,LOW,P,247.5,2024-09-06,209,0,325,2.64,1724769732871000000,320,84480.0,2024-08-27,Automatic Execution,Retail-Wholesale,Retail - Home Furnishings,249.86,249.93,247.625,248.57,14,4.926753905189737,1,1,1,1,0
LOW,Retail-Wholesale,Retail - Home Furnishings,35__0,35,0.0,6. p95_trade_value,20800.0,51479.99999999999,O:LOW240927C00250000,LOW,C,250.0,2024-09-27,209,0,319,3.9,1725374853087000000,132,51479.99999999999,2024-09-03,Automatic Execution,Retail-Wholesale,Retail - Home Furnishings,247.2001,249.435,243.62,245.46,34,4.711638538232349,1,1,1,1,0
LOW,Retail-Wholesale,Retail - Home Furnishings,35__0,35,0.0,6. p95_trade_value,20800.0,51479.99999999999,O:LOW241004P00235000,LOW,P,235.0,2024-10-04,209,0,303,3.0,1725558382284000000,100,30000.0,2024-09-05,Automatic Execution,Retail-Wholesale,Retail - Home Furnishings,246.35,246.35,241.59,244.11,80,4.477121254719663,1,0,0,0,1
LOW,Retail-Wholesale,Retail - Home Furnishings,35__0,35,0.0,6. p95_trade_value,20800.0,51479.99999999999,O:LOW241004P00235000,LOW,P,235.0,2024-10-04,227,0,323,3.29,1725556010143000000,100,32900.0,2024-09-05,Single Leg Auction Non ISO,Retail-Wholesale,Retail - Home Furnishings,246.35,246.35,241.59,244.11,71,4.517195897949974,1,0,0,0,1
LOW,Retail-Wholesale,Retail - Home Furnishings,35__0,35,0.0,6. p95_trade_value,20800.0,51479.99999999999,O:LOW240913P00235000,LOW,P,235.0,2024-09-13,209,0,307,0.61,1725634400011000000,459,27999.0,2024-09-06,Automatic Execution,Retail-Wholesale,Retail - Home Furnishings,244.85,247.46,243.14,243.81,90,4.447142520548028,1,0,0,0,1
LOW,Retail-Wholesale,Retail - Home Furnishings,35__0,35,0.0,6. p95_trade_value,20800.0,51479.99999999999,O:LOW240913P00235000,LOW,P,235.0,2024-09-13,209,0,307,0.52,1725634534680000000,562,29224.0,2024-09-06,Automatic Execution,Retail-Wholesale,Retail - Home Furnishings,244.85,247.46,243.14,243.81,83,4.4657396592038605,1,0,0,0,1
LOW,Retail-Wholesale,Retail - Home Furnishings,35__0,35,0.0,6. p95_trade_value,20800.0,51479.99999999999,O:LOW240913P00235000,LOW,P,235.0,2024-09-13,209,0,307,0.5,1725634541554000000,465,23250.0,2024-09-06,Automatic Execution,Retail-Wholesale,Retail - Home Furnishings,244.85,247.46,243.14,243.81,134,4.366422957225972,1,0,0,0,1
LOW,Retail-Wholesale,Retail - Home Furnishings,35__0,35,0.0,6. p95_trade_value,20800.0,51479.99999999999,O:LOW240920C00247500,LOW,C,247.5,2024-09-20,209,0,316,2.99,1725907397871000000,111,33189.00000000001,2024-09-09,Automatic Execution,Retail-Wholesale,Retail - Home Furnishings,245.25,245.74,242.335,244.73,69,4.520994167111088,1,1,1,1,0
LOW,Retail-Wholesale,Retail - Home Furnishings,35__0,35,0.0,6. p95_trade_value,20800.0,51479.99999999999,O:LOW241011P00230000,LOW,P,230.0,2024-10-11,209,0,307,2.72,1726065346619000000,100,27200.0,2024-09-11,Automatic Execution,Retail-Wholesale,Retail - Home Furnishings,245.06,247.84,240.0,247.38,93,4.434568904034199,1,0,0,0,1
LOW,Retail-Wholesale,Retail - Home Furnishings,35__0,35,0.0,6. p95_trade_value,20800.0,51479.99999999999,O:LOW240920P00252500,LOW,P,252.5,2024-09-20,209,0,316,2.02,1726255859396000000,117,23634.0,2024-09-13,Automatic Execution,Retail-Wholesale,Retail - Home Furnishings,252.99,257.41,252.61,255.41,131,4.373537231192786,1,0,0,0,1
LOW,Retail-Wholesale,Retail - Home Furnishings,35__0,35,0.0,6. p95_trade_value,20800.0,51479.99999999999,O:LOW241004C00265000,LOW,C,265.0,2024-10-04,209,0,312,2.18,1726844741329000000,117,25506.000000000004,2024-09-20,Automatic Execution,Retail-Wholesale,Retail - Home Furnishings,259.28,261.55,257.95,260.14,101,4.406642355350766,1,1,1,1,0
LOW,Retail-Wholesale,Retail - Home Furnishings,35__0,35,0.0,6. p95_trade_value,20800.0,51479.99999999999,O:LOW241004C00265000,LOW,C,265.0,2024-10-04,227,0,323,2.33,1726845020299000000,164,38212.0,2024-09-20,Single Leg Auction Non ISO,Retail-Wholesale,Retail - Home Furnishings,259.28,261.55,257.95,260.14,56,4.582199769073717,1,1,1,1,0
LOW,Retail-Wholesale,Retail - Home Furnishings,35__0,35,0.0,6. p95_trade_value,20800.0,51479.99999999999,O:LOW241018C00282500,LOW,C,282.5,2024-10-18,227,0,308,0.55,1727206855559000000,600,33000.0,2024-09-24,Single Leg Auction Non ISO,Retail-Wholesale,Retail - Home Furnishings,265.33,268.09,263.445,266.04,70,4.518513939877887,1,1,0,0,0
LOW,Retail-Wholesale,Retail - Home Furnishings,35__0,35,0.0,6. p95_trade_value,20800.0,51479.99999999999,O:LOW241018P00260000,LOW,P,260.0,2024-10-18,242,0,300,3.1,1727195419487000000,130,40300.0,2024-09-24,Stock Options floor trade,Retail-Wholesale,Retail - Home Furnishings,265.33,268.09,263.445,266.04,51,4.605305046141109,1,1,0,0,0
LOW,Retail-Wholesale,Retail - Home Furnishings,35__0,35,0.0,6. p95_trade_value,20800.0,51479.99999999999,O:LOW241018C00275000,LOW,C,275.0,2024-10-18,227,0,300,2.2,1727447012194000000,100,22000.000000000004,2024-09-27,Single Leg Auction Non ISO,Retail-Wholesale,Retail - Home Furnishings,267.75,268.71,265.74,267.14,143,4.342422680822207,1,1,1,1,0
LOW,Retail-Wholesale,Retail - Home Furnishings,35__0,35,0.0,6. p95_trade_value,20800.0,51479.99999999999,O:LOW241025P00265000,LOW,P,265.0,2024-10-25,209,0,320,4.4,1727453454636000000,56,24640.000000000004,2024-09-27,Automatic Execution,Retail-Wholesale,Retail - Home Furnishings,267.75,268.71,265.74,267.14,113,4.391640703492388,1,1,0,0,0
LOW,Retail-Wholesale,Retail - Home Furnishings,35__0,35,0.0,6. p95_trade_value,20800.0,51479.99999999999,O:LOW241025P00265000,LOW,P,265.0,2024-10-25,209,0,320,4.3,1727452630969000000,56,24080.0,2024-09-27,Automatic Execution,Retail-Wholesale,Retail - Home Furnishings,267.75,268.71,265.74,267.14,124,4.381656482585787,1,1,0,0,0
LOW,Retail-Wholesale,Retail - Home Furnishings,35__0,35,0.0,6. p95_trade_value,20800.0,51479.99999999999,O:LOW241025P00265000,LOW,P,265.0,2024-10-25,209,0,320,4.3,1727452616959000000,56,24080.0,2024-09-27,Automatic Execution,Retail-Wholesale,Retail - Home Furnishings,267.75,268.71,265.74,267.14,122,4.381656482585787,1,1,0,0,0
LOW,Retail-Wholesale,Retail - Home Furnishings,35__0,35,0.0,6. p95_trade_value,20800.0,51479.99999999999,O:LOW241025P00265000,LOW,P,265.0,2024-10-25,209,0,320,4.35,1727448232061000000,56,24359.999999999996,2024-09-27,Automatic Execution,Retail-Wholesale,Retail - Home Furnishings,267.75,268.71,265.74,267.14,120,4.386677283960838,1,1,0,0,0
LOW,Retail-Wholesale,Retail - Home Furnishings,35__0,35,0.0,6. p95_trade_value,20800.0,51479.99999999999,O:LOW241025P00265000,LOW,P,265.0,2024-10-25,209,0,320,4.4,1727453457647000000,56,24640.000000000004,2024-09-27,Automatic Execution,Retail-Wholesale,Retail - Home Furnishings,267.75,268.71,265.74,267.14,116,4.391640703492388,1,1,0,0,0
LOW,Retail-Wholesale,Retail - Home Furnishings,35__0,35,0.0,6. p95_trade_value,20800.0,51479.99999999999,O:LOW241025P00265000,LOW,P,265.0,2024-10-25,209,0,320,4.35,1727448232327000000,56,24359.999999999996,2024-09-27,Automatic Execution,Retail-Wholesale,Retail - Home Furnishings,267.75,268.71,265.74,267.14,119,4.386677283960838,1,1,0,0,0
LOW,Retail-Wholesale,Retail - Home Furnishings,35__0,35,0.0,6. p95_trade_value,20800.0,51479.99999999999,O:LOW241025P00265000,LOW,P,265.0,2024-10-25,209,0,320,4.35,1727448231746000000,56,24359.999999999996,2024-09-27,Automatic Execution,Retail-Wholesale,Retail - Home Furnishings,267.75,268.71,265.74,267.14,118,4.386677283960838,1,1,0,0,0
LOW,Retail-Wholesale,Retail - Home Furnishings,35__0,35,0.0,6. p95_trade_value,20800.0,51479.99999999999,O:LOW241025P00265000,LOW,P,265.0,2024-10-25,209,0,320,4.4,1727453456840000000,56,24640.000000000004,2024-09-27,Automatic Execution,Retail-Wholesale,Retail - Home Furnishings,267.75,268.71,265.74,267.14,115,4.391640703492388,1,1,0,0,0
LOW,Retail-Wholesale,Retail - Home Furnishings,35__0,35,0.0,6. p95_trade_value,20800.0,51479.99999999999,O:LOW241025P00265000,LOW,P,265.0,2024-10-25,209,0,320,4.35,1727448231491000000,56,24359.999999999996,2024-09-27,Automatic Execution,Retail-Wholesale,Retail - Home Furnishings,267.75,268.71,265.74,267.14,117,4.386677283960838,1,1,0,0,0
LOW,Retail-Wholesale,Retail - Home Furnishings,35__0,35,0.0,6. p95_trade_value,20800.0,51479.99999999999,O:LOW241025P00265000,LOW,P,265.0,2024-10-25,209,0,320,4.3,1727452616696000000,56,24080.0,2024-09-27,Automatic Execution,Retail-Wholesale,Retail - Home Furnishings,267.75,268.71,265.74,267.14,123,4.381656482585787,1,1,0,0,0
LOW,Retail-Wholesale,Retail - Home Furnishings,35__0,35,0.0,6. p95_trade_value,20800.0,51479.99999999999,O:LOW241025P00265000,LOW,P,265.0,2024-10-25,209,0,320,4.4,1727453454897000000,56,24640.000000000004,2024-09-27,Automatic Execution,Retail-Wholesale,Retail - Home Furnishings,267.75,268.71,265.74,267.14,114,4.391640703492388,1,1,0,0,0
LOW,Retail-Wholesale,Retail - Home Furnishings,35__0,35,0.0,5. p99_trade_value,52379.99999999999,216000.0,O:LOW241018C00282500,LOW,C,282.5,2024-10-18,231,0,323,0.95,1728485168527000000,650,61750.0,2024-10-09,Single Leg Floor Trade,Retail-Wholesale,Retail - Home Furnishings,278.1,278.1,273.28,277.18,27,4.790636961931703,1,1,0,0,0
LOW,Retail-Wholesale,Retail - Home Furnishings,35__0,35,0.0,6. p95_trade_value,20800.0,51479.99999999999,O:LOW241018C00287500,LOW,C,287.5,2024-10-18,209,0,316,0.9,1729000041830000000,275,24750.0,2024-10-15,Automatic Execution,Retail-Wholesale,Retail - Home Furnishings,281.92,287.01,281.37,281.83,112,4.393575203269587,1,0,0,0,1
LOW,Retail-Wholesale,Retail - Home Furnishings,35__0,35,0.0,6. p95_trade_value,20800.0,51479.99999999999,O:LOW241101C00285000,LOW,C,285.0,2024-11-01,233,0,302,3.53,1729103903244000000,80,28239.999999999996,2024-10-16,Multi Leg Auction,Retail-Wholesale,Retail - Home Furnishings,281.09,284.4,280.81,284.05,89,4.450864692379766,1,1,0,0,0
LOW,Retail-Wholesale,Retail - Home Furnishings,35__0,35,0.0,6. p95_trade_value,20800.0,51479.99999999999,O:LOW241115P00280000,LOW,P,280.0,2024-11-15,209,0,313,7.0,1729090655652000000,36,25200.0,2024-10-16,Automatic Execution,Retail-Wholesale,Retail - Home Furnishings,281.09,284.4,280.81,284.05,107,4.401400540781544,1,1,1,1,0
LOW,Retail-Wholesale,Retail - Home Furnishings,35__0,35,0.0,6. p95_trade_value,20800.0,51479.99999999999,O:LOW241115P00280000,LOW,P,280.0,2024-11-15,209,0,313,7.0,1729090656476000000,37,25900.0,2024-10-16,Automatic Execution,Retail-Wholesale,Retail - Home Furnishings,281.09,284.4,280.81,284.05,98,4.413299764081252,1,1,1,1,0
LOW,Retail-Wholesale,Retail - Home Furnishings,35__0,35,0.0,1. p999999_trade_value,710000.0,710000.0,O:LOW241115P00280000,LOW,P,280.0,2024-11-15,231,0,302,7.1,1729090804816000000,1000,710000.0,2024-10-16,Single Leg Floor Trade,Retail-Wholesale,Retail - Home Furnishings,281.09,284.4,280.81,284.05,1,5.8512583487190755,1,1,1,1,0
LOW,Retail-Wholesale,Retail - Home Furnishings,35__0,35,0.0,6. p95_trade_value,20800.0,51479.99999999999,O:LOW241115P00280000,LOW,P,280.0,2024-11-15,209,0,313,7.05,1729090671382000000,37,26084.999999999996,2024-10-16,Automatic Execution,Retail-Wholesale,Retail - Home Furnishings,281.09,284.4,280.81,284.05,97,4.416390841058393,1,1,1,1,0
LOW,Retail-Wholesale,Retail - Home Furnishings,35__0,35,0.0,6. p95_trade_value,20800.0,51479.99999999999,O:LOW241115P00280000,LOW,P,280.0,2024-11-15,209,0,313,7.0,1729090654745000000,34,23800.0,2024-10-16,Automatic Execution,Retail-Wholesale,Retail - Home Furnishings,281.09,284.4,280.81,284.05,129,4.376576957056512,1,1,1,1,0
LOW,Retail-Wholesale,Retail - Home Furnishings,35__0,35,0.0,6. p95_trade_value,20800.0,51479.99999999999,O:LOW241115P00280000,LOW,P,280.0,2024-11-15,209,0,313,7.0,1729090654746000000,34,23800.0,2024-10-16,Automatic Execution,Retail-Wholesale,Retail - Home Furnishings,281.09,284.4,280.81,284.05,128,4.376576957056512,1,1,1,1,0
LOW,Retail-Wholesale,Retail - Home Furnishings,35__0,35,0.0,6. p95_trade_value,20800.0,51479.99999999999,O:LOW241115P00280000,LOW,P,280.0,2024-11-15,209,0,313,6.05,1729103693073000000,70,42350.0,2024-10-16,Automatic Execution,Retail-Wholesale,Retail - Home Furnishings,281.09,284.4,280.81,284.05,45,4.6268534146667255,1,1,1,1,0
LOW,Retail-Wholesale,Retail - Home Furnishings,35__0,35,0.0,6. p95_trade_value,20800.0,51479.99999999999,O:LOW241115P00280000,LOW,P,280.0,2024-11-15,209,0,313,7.05,1729090671383000000,34,23970.0,2024-10-16,Automatic Execution,Retail-Wholesale,Retail - Home Furnishings,281.09,284.4,280.81,284.05,127,4.379668034033654,1,1,1,1,0
LOW,Retail-Wholesale,Retail - Home Furnishings,35__0,35,0.0,6. p95_trade_value,20800.0,51479.99999999999,O:LOW241115P00280000,LOW,P,280.0,2024-11-15,209,0,313,7.05,1729090671382000000,36,25380.0,2024-10-16,Automatic Execution,Retail-Wholesale,Retail - Home Furnishings,281.09,284.4,280.81,284.05,104,4.404491617758686,1,1,1,1,0
LOW,Retail-Wholesale,Retail - Home Furnishings,35__0,35,0.0,6. p95_trade_value,20800.0,51479.99999999999,O:LOW241115P00280000,LOW,P,280.0,2024-11-15,209,0,313,7.0,1729090656076000000,37,25900.0,2024-10-16,Automatic Execution,Retail-Wholesale,Retail - Home Furnishings,281.09,284.4,280.81,284.05,99,4.413299764081252,1,1,1,1,0
LOW,Retail-Wholesale,Retail - Home Furnishings,35__0,35,0.0,5. p99_trade_value,52379.99999999999,216000.0,O:LOW241115P00280000,LOW,P,280.0,2024-11-15,231,0,302,7.1,1729090804632000000,91,64610.0,2024-10-16,Single Leg Floor Trade,Retail-Wholesale,Retail - Home Furnishings,281.09,284.4,280.81,284.05,25,4.810299741040168,1,1,1,1,0
LOW,Retail-Wholesale,Retail - Home Furnishings,35__0,35,0.0,6. p95_trade_value,20800.0,51479.99999999999,O:LOW241115P00280000,LOW,P,280.0,2024-11-15,209,0,313,7.05,1729090671383000000,37,26084.999999999996,2024-10-16,Automatic Execution,Retail-Wholesale,Retail - Home Furnishings,281.09,284.4,280.81,284.05,96,4.416390841058393,1,1,1,1,0
LOW,Retail-Wholesale,Retail - Home Furnishings,35__0,35,0.0,5. p99_trade_value,52379.99999999999,216000.0,O:LOW241025P00277500,LOW,P,277.5,2024-10-25,235,0,301,2.31,1729260539956000000,442,102102.0,2024-10-18,Multi Leg floor trade,Retail-Wholesale,Retail - Home Furnishings,281.8,282.3799,279.09,281.64,11,5.009034249241236,1,1,1,1,0
LOW,Retail-Wholesale,Retail - Home Furnishings,35__0,35,0.0,6. p95_trade_value,20800.0,51479.99999999999,O:LOW241115C00285000,LOW,C,285.0,2024-11-15,209,0,316,5.3,1729518450991000000,42,22260.0,2024-10-21,Automatic Execution,Retail-Wholesale,Retail - Home Furnishings,280.58,282.7,275.67,276.84,141,4.34752515999869,1,0,0,0,1
LOW,Retail-Wholesale,Retail - Home Furnishings,35__0,35,0.0,6. p95_trade_value,20800.0,51479.99999999999,O:LOW241115C00295000,LOW,C,295.0,2024-11-15,231,0,301,0.73,1729625145999000000,500,36500.0,2024-10-22,Single Leg Floor Trade,Retail-Wholesale,Retail - Home Furnishings,272.02,273.42,268.17,272.22,59,4.562292864456475,1,0,0,0,1
LOW,Retail-Wholesale,Retail - Home Furnishings,35__0,35,0.0,6. p95_trade_value,20800.0,51479.99999999999,O:LOW241115C00275000,LOW,C,275.0,2024-11-15,232,0,300,5.3,1729704741496000000,85,45050.0,2024-10-23,Multi Leg auto-electronic trade,Retail-Wholesale,Retail - Home Furnishings,270.66,272.6077,269.24,270.11,43,4.653694795315082,1,1,0,0,0
LOW,Retail-Wholesale,Retail - Home Furnishings,35__0,35,0.0,6. p95_trade_value,20800.0,51479.99999999999,O:LOW241115C00280000,LOW,C,280.0,2024-11-15,209,0,325,3.5,1729692870890000000,119,41650.0,2024-10-23,Automatic Execution,Retail-Wholesale,Retail - Home Furnishings,270.66,272.6077,269.24,270.11,47,4.619615005742807,1,0,0,0,1
LOW,Retail-Wholesale,Retail - Home Furnishings,35__0,35,0.0,6. p95_trade_value,20800.0,51479.99999999999,O:LOW241122C00280000,LOW,C,280.0,2024-11-22,209,0,316,5.0,1729787284235000000,59,29500.0,2024-10-24,Automatic Execution,Retail-Wholesale,Retail - Home Furnishings,270.7,272.3785,269.79,271.36,82,4.469822015978163,1,0,0,0,1
LOW,Retail-Wholesale,Retail - Home Furnishings,35__0,35,0.0,6. p95_trade_value,20800.0,51479.99999999999,O:LOW241115P00260000,LOW,P,260.0,2024-11-15,209,0,313,4.2,1730474877484000000,60,25200.0,2024-11-01,Automatic Execution,Retail-Wholesale,Retail - Home Furnishings,265.55,266.77,261.57,261.94,106,4.401400540781544,1,1,0,0,0
LOW,Retail-Wholesale,Retail - Home Furnishings,35__0,35,0.0,6. p95_trade_value,20800.0,51479.99999999999,O:LOW241108P00247500,LOW,P,247.5,2024-11-08,234,0,313,0.38,1730818919821000000,1104,41952.0,2024-11-05,Multi Leg Cross,Retail-Wholesale,Retail - Home Furnishings,264.06,269.27,264.06,269.18,46,4.62275267000999,1,0,0,0,1
LOW,Retail-Wholesale,Retail - Home Furnishings,35__0,35,0.0,6. p95_trade_value,20800.0,51479.99999999999,O:LOW241115P00250000,LOW,P,250.0,2024-11-15,209,0,315,1.65,1730906977377000000,198,32670.0,2024-11-06,Automatic Execution,Retail-Wholesale,Retail - Home Furnishings,266.15,266.15,257.25,261.73,74,4.514149134475438,1,0,0,0,1
LOW,Retail-Wholesale,Retail - Home Furnishings,35__0,35,0.0,6. p95_trade_value,20800.0,51479.99999999999,O:LOW241115C00272500,LOW,C,272.5,2024-11-15,233,0,302,2.96,1731086723190000000,85,25160.0,2024-11-08,Multi Leg Auction,Retail-Wholesale,Retail - Home Furnishings,268.98,271.9,267.9055,271.1,108,4.400710636773232,1,1,0,0,0
LOW,Retail-Wholesale,Retail - Home Furnishings,35__0,35,0.0,6. p95_trade_value,20800.0,51479.99999999999,O:LOW241115C00272500,LOW,C,272.5,2024-11-15,232,0,303,3.21,1731095304281000000,80,25680.0,2024-11-08,Multi Leg auto-electronic trade,Retail-Wholesale,Retail - Home Furnishings,268.98,271.9,267.9055,271.1,100,4.409595019396816,1,1,0,0,0
LOW,Retail-Wholesale,Retail - Home Furnishings,35__0,35,0.0,6. p95_trade_value,20800.0,51479.99999999999,O:LOW241115C00275000,LOW,C,275.0,2024-11-15,209,0,313,2.46,1731084057521000000,144,35424.0,2024-11-08,Automatic Execution,Retail-Wholesale,Retail - Home Furnishings,268.98,271.9,267.9055,271.1,64,4.549297599198629,1,1,0,0,0
LOW,Retail-Wholesale,Retail - Home Furnishings,35__0,35,0.0,6. p95_trade_value,20800.0,51479.99999999999,O:LOW241129C00275000,LOW,C,275.0,2024-11-29,235,0,301,6.0,1731099266648000000,60,36000.0,2024-11-08,Multi Leg floor trade,Retail-Wholesale,Retail - Home Furnishings,268.98,271.9,267.9055,271.1,62,4.556302500767287,1,1,0,0,0
LOW,Retail-Wholesale,Retail - Home Furnishings,35__0,35,0.0,6. p95_trade_value,20800.0,51479.99999999999,O:LOW241122C00285000,LOW,C,285.0,2024-11-22,209,0,304,1.49,1731444378703000000,198,29502.0,2024-11-12,Automatic Execution,Retail-Wholesale,Retail - Home Furnishings,275.75,276.77,269.44,269.9,81,4.469851458673805,1,0,0,0,1
LOW,Retail-Wholesale,Retail - Home Furnishings,35__0,35,0.0,6. p95_trade_value,20800.0,51479.99999999999,O:LOW241122C00285000,LOW,C,285.0,2024-11-22,209,0,313,1.63,1731441724628000000,198,32273.999999999996,2024-11-12,Automatic Execution,Retail-Wholesale,Retail - Home Furnishings,275.75,276.77,269.44,269.9,76,4.508852794665489,1,0,0,0,1
LOW,Retail-Wholesale,Retail - Home Furnishings,35__0,35,0.0,6. p95_trade_value,20800.0,51479.99999999999,O:LOW241115C00277500,LOW,C,277.5,2024-11-15,209,0,315,0.89,1731508827406000000,236,21004.0,2024-11-13,Automatic Execution,Retail-Wholesale,Retail - Home Furnishings,272.72,274.3,270.82,272.32,155,4.3223020096150195,1,0,0,0,1
LOW,Retail-Wholesale,Retail - Home Furnishings,35__0,35,0.0,6. p95_trade_value,20800.0,51479.99999999999,O:LOW241122C00285000,LOW,C,285.0,2024-11-22,209,0,313,2.1,1731508991962000000,100,21000.0,2024-11-13,Automatic Execution,Retail-Wholesale,Retail - Home Furnishings,272.72,274.3,270.82,272.32,156,4.3222192947339195,1,0,0,0,1
LOW,Retail-Wholesale,Retail - Home Furnishings,35__0,35,0.0,6. p95_trade_value,20800.0,51479.99999999999,O:LOW241122C00285000,LOW,C,285.0,2024-11-22,209,0,313,1.9,1731508801399000000,186,35340.0,2024-11-13,Automatic Execution,Retail-Wholesale,Retail - Home Furnishings,272.72,274.3,270.82,272.32,65,4.548266545170745,1,0,0,0,1
LOW,Retail-Wholesale,Retail - Home Furnishings,35__0,35,0.0,5. p99_trade_value,52379.99999999999,216000.0,O:LOW241122C00275000,LOW,C,275.0,2024-11-22,209,0,303,4.6,1731951707991000000,252,115919.99999999999,2024-11-18,Automatic Execution,Retail-Wholesale,Retail - Home Furnishings,268.425,273.62,267.33,271.77,9,5.064158372463118,1,0,0,0,1
LOW,Retail-Wholesale,Retail - Home Furnishings,35__0,35,0.0,6. p95_trade_value,20800.0,51479.99999999999,O:LOW241220C00265000,LOW,C,265.0,2024-12-20,209,0,313,6.35,1732131860522000000,56,35560.0,2024-11-20,Automatic Execution,Retail-Wholesale,Retail - Home Furnishings,259.3,263.66,258.9516,263.03,63,4.550961752298176,1,1,0,0,0
LOW,Retail-Wholesale,Retail - Home Furnishings,35__0,35,0.0,6. p95_trade_value,20800.0,51479.99999999999,O:LOW241129C00267500,LOW,C,267.5,2024-11-29,235,0,301,2.31,1732288303596000000,110,25410.0,2024-11-22,Multi Leg floor trade,Retail-Wholesale,Retail - Home Furnishings,266.11,266.91,262.92,264.68,103,4.405004665050369,1,1,1,1,0
LOW,Retail-Wholesale,Retail - Home Furnishings,35__0,35,0.0,6. p95_trade_value,20800.0,51479.99999999999,O:LOW241220C00300000,LOW,C,300.0,2024-12-20,231,0,301,0.67,1732565384737000000,400,26800.0,2024-11-25,Single Leg Floor Trade,Retail-Wholesale,Retail - Home Furnishings,268.94,275.619,268.49,275.32,94,4.4281347940287885,1,0,0,0,1
LOW,Retail-Wholesale,Retail - Home Furnishings,35__0,35,0.0,6. p95_trade_value,20800.0,51479.99999999999,O:LOW241129P00270000,LOW,P,270.0,2024-11-29,209,0,313,1.05,1732633471505000000,200,21000.0,2024-11-26,Automatic Execution,Retail-Wholesale,Retail - Home Furnishings,274.63,274.78,270.9724,274.47,157,4.3222192947339195,1,0,0,0,1
LOW,Retail-Wholesale,Retail - Home Furnishings,35__0,35,0.0,6. p95_trade_value,20800.0,51479.99999999999,O:LOW241220C00275000,LOW,C,275.0,2024-12-20,209,0,313,6.15,1732650177872000000,64,39360.0,2024-11-26,Automatic Execution,Retail-Wholesale,Retail - Home Furnishings,274.63,274.78,270.9724,274.47,53,4.595055089759304,1,1,0,0,0
LOW,Retail-Wholesale,Retail - Home Furnishings,35__0,35,0.0,5. p99_trade_value,52379.99999999999,216000.0,O:LOW241220C00275000,LOW,C,275.0,2024-12-20,209,0,313,6.2,1732650171133000000,124,76880.0,2024-11-26,Automatic Execution,Retail-Wholesale,Retail - Home Furnishings,274.63,274.78,270.9724,274.47,17,4.885813374660489,1,1,0,0,0
LOW,Retail-Wholesale,Retail - Home Furnishings,35__0,35,0.0,6. p95_trade_value,20800.0,51479.99999999999,O:LOW241220C00282500,LOW,C,282.5,2024-12-20,233,0,302,3.8,1732722052530000000,89,33820.0,2024-11-27,Multi Leg Auction,Retail-Wholesale,Retail - Home Furnishings,275.15,276.39,272.56,273.19,68,4.529173603261723,1,0,0,0,1
LOW,Retail-Wholesale,Retail - Home Furnishings,35__0,35,0.0,6. p95_trade_value,20800.0,51479.99999999999,O:LOW241220P00260000,LOW,P,260.0,2024-12-20,232,0,308,1.58,1732722475353000000,150,23700.0,2024-11-27,Multi Leg auto-electronic trade,Retail-Wholesale,Retail - Home Furnishings,275.15,276.39,272.56,273.19,130,4.3747483460101035,1,1,1,1,0
LOW,Retail-Wholesale,Retail - Home Furnishings,35__0,35,0.0,6. p95_trade_value,20800.0,51479.99999999999,O:LOW241220C00285000,LOW,C,285.0,2024-12-20,209,0,325,1.6,1733323330454000000,200,32000.0,2024-12-04,Automatic Execution,Retail-Wholesale,Retail - Home Furnishings,272.42,274.1195,270.26,272.27,78,4.505149978319906,1,0,0,0,1
LOW,Retail-Wholesale,Retail - Home Furnishings,35__0,35,0.0,5. p99_trade_value,52379.99999999999,216000.0,O:LOW241206C00275000,LOW,C,275.0,2024-12-06,231,0,300,0.4,1733432061483000000,1450,58000.0,2024-12-05,Single Leg Floor Trade,Retail-Wholesale,Retail - Home Furnishings,271.63,272.83,269.54,270.07,28,4.763427993562937,1,1,1,0,0
LOW,Retail-Wholesale,Retail - Home Furnishings,35__0,35,0.0,6. p95_trade_value,20800.0,51479.99999999999,O:LOW241213P00265000,LOW,P,265.0,2024-12-13,209,0,325,0.81,1733518594741000000,265,21465.0,2024-12-06,Automatic Execution,Retail-Wholesale,Retail - Home Furnishings,271.89,276.93,271.125,273.43,152,4.331730892815457,1,1,1,1,0
LOW,Retail-Wholesale,Retail - Home Furnishings,35__0,35,0.0,5. p99_trade_value,52379.99999999999,216000.0,O:LOW241213P00265000,LOW,P,265.0,2024-12-13,241,0,323,0.67,1733948176048000000,1000,67000.0,2024-12-11,Stock Options Cross,Retail-Wholesale,Retail - Home Furnishings,271.36,273.3465,267.24,267.9,22,4.826074802700826,1,1,1,1,0
LOW,Retail-Wholesale,Retail - Home Furnishings,35__0,35,0.0,6. p95_trade_value,20800.0,51479.99999999999,O:LOW250110P00265000,LOW,P,265.0,2025-01-10,232,0,308,3.6,1733946911962000000,58,20880.0,2024-12-11,Multi Leg auto-electronic trade,Retail-Wholesale,Retail - Home Furnishings,271.36,273.3465,267.24,267.9,160,4.319730494330225,1,1,1,1,0
LOW,Retail-Wholesale,Retail - Home Furnishings,35__0,35,0.0,6. p95_trade_value,20800.0,51479.99999999999,O:LOW250110P00265000,LOW,P,265.0,2025-01-10,232,0,308,3.6,1733946924797000000,100,36000.0,2024-12-11,Multi Leg auto-electronic trade,Retail-Wholesale,Retail - Home Furnishings,271.36,273.3465,267.24,267.9,61,4.556302500767287,1,1,1,1,0
LOW,Retail-Wholesale,Retail - Home Furnishings,35__0,35,0.0,6. p95_trade_value,20800.0,51479.99999999999,O:LOW250110P00265000,LOW,P,265.0,2025-01-10,232,0,312,3.88,1733950717302000000,100,38800.0,2024-12-11,Multi Leg auto-electronic trade,Retail-Wholesale,Retail - Home Furnishings,271.36,273.3465,267.24,267.9,55,4.588831725594207,1,1,1,1,0
LOW,Retail-Wholesale,Retail - Home Furnishings,35__0,35,0.0,6. p95_trade_value,20800.0,51479.99999999999,O:LOW250110P00255000,LOW,P,255.0,2025-01-10,209,0,320,4.0,1734457092261000000,57,22800.0,2024-12-17,Automatic Execution,Retail-Wholesale,Retail - Home Furnishings,258.44,259.97,256.32,257.75,137,4.357934847000454,1,1,1,1,0
LOW,Retail-Wholesale,Retail - Home Furnishings,35__0,35,0.0,6. p95_trade_value,20800.0,51479.99999999999,O:LOW250110P00255000,LOW,P,255.0,2025-01-10,209,0,320,3.8,1734455459807000000,57,21660.0,2024-12-17,Automatic Execution,Retail-Wholesale,Retail - Home Furnishings,258.44,259.97,256.32,257.75,148,4.335658452289302,1,1,1,1,0
LOW,Retail-Wholesale,Retail - Home Furnishings,35__0,35,0.0,6. p95_trade_value,20800.0,51479.99999999999,O:LOW250110P00255000,LOW,P,255.0,2025-01-10,209,0,320,3.8,1734455440868000000,57,21660.0,2024-12-17,Automatic Execution,Retail-Wholesale,Retail - Home Furnishings,258.44,259.97,256.32,257.75,149,4.335658452289302,1,1,1,1,0
LOW,Retail-Wholesale,Retail - Home Furnishings,35__0,35,0.0,6. p95_trade_value,20800.0,51479.99999999999,O:LOW250110P00255000,LOW,P,255.0,2025-01-10,209,0,320,3.8,1734455440613000000,57,21660.0,2024-12-17,Automatic Execution,Retail-Wholesale,Retail - Home Furnishings,258.44,259.97,256.32,257.75,147,4.335658452289302,1,1,1,1,0
LOW,Retail-Wholesale,Retail - Home Furnishings,35__0,35,0.0,6. p95_trade_value,20800.0,51479.99999999999,O:LOW250110P00255000,LOW,P,255.0,2025-01-10,209,0,320,3.8,1734455523900000000,57,21660.0,2024-12-17,Automatic Execution,Retail-Wholesale,Retail - Home Furnishings,258.44,259.97,256.32,257.75,150,4.335658452289302,1,1,1,1,0
LOW,Retail-Wholesale,Retail - Home Furnishings,35__0,35,0.0,6. p95_trade_value,20800.0,51479.99999999999,O:LOW250110P00255000,LOW,P,255.0,2025-01-10,219,0,316,3.8,1734455441141000000,86,32680.0,2024-12-17,Intermarket Sweep Order,Retail-Wholesale,Retail - Home Furnishings,258.44,259.97,256.32,257.75,72,4.514282047860378,1,1,1,1,0
LOW,Retail-Wholesale,Retail - Home Furnishings,35__0,35,0.0,5. p99_trade_value,52379.99999999999,216000.0,O:LOW241220C00265000,LOW,C,265.0,2024-12-20,227,0,302,0.59,1734547658625000000,1098,64781.99999999999,2024-12-18,Single Leg Auction Non ISO,Retail-Wholesale,Retail - Home Furnishings,257.41,259.64,249.64,249.81,24,4.811454351756217,1,0,0,0,1
LOW,Retail-Wholesale,Retail - Home Furnishings,35__0,35,0.0,6. p95_trade_value,20800.0,51479.99999999999,O:LOW250117C00260000,LOW,C,260.0,2025-01-17,209,0,313,6.3,1734547600800000000,42,26459.999999999996,2024-12-18,Automatic Execution,Retail-Wholesale,Retail - Home Furnishings,257.41,259.64,249.64,249.81,95,4.422589839851482,1,1,1,1,0
LOW,Retail-Wholesale,Retail - Home Furnishings,35__0,35,0.0,6. p95_trade_value,20800.0,51479.99999999999,O:LOW250117P00240000,LOW,P,240.0,2025-01-17,209,0,313,3.5,1734635083604000000,92,32200.0,2024-12-19,Automatic Execution,Retail-Wholesale,Retail - Home Furnishings,249.0,250.63,244.14,244.52,77,4.507855871695831,1,0,0,0,1
LOW,Retail-Wholesale,Retail - Home Furnishings,35__0,35,0.0,6. p95_trade_value,20800.0,51479.99999999999,O:LOW250117C00250000,LOW,C,250.0,2025-01-17,209,0,313,5.0,1734706883660000000,48,24000.0,2024-12-20,Automatic Execution,Retail-Wholesale,Retail - Home Furnishings,244.535,249.2068,244.0,247.72,126,4.380211241711606,1,1,1,1,0
LOW,Retail-Wholesale,Retail - Home Furnishings,35__0,35,0.0,6. p95_trade_value,20800.0,51479.99999999999,O:LOW250117C00250000,LOW,C,250.0,2025-01-17,209,0,313,5.2,1734708903405000000,40,20800.0,2024-12-20,Automatic Execution,Retail-Wholesale,Retail - Home Furnishings,244.535,249.2068,244.0,247.72,161,4.318063334962762,1,1,1,1,0
LOW,Retail-Wholesale,Retail - Home Furnishings,35__0,35,0.0,4. p999_trade_value,241917.49999999997,285000.0,O:LOW250117C00250000,LOW,C,250.0,2025-01-17,227,0,308,5.225,1734727592307000000,463,241917.49999999997,2024-12-20,Single Leg Auction Non ISO,Retail-Wholesale,Retail - Home Furnishings,244.535,249.2068,244.0,247.72,4,5.383667285801045,1,1,1,1,0
LOW,Retail-Wholesale,Retail - Home Furnishings,35__0,35,0.0,5. p99_trade_value,52379.99999999999,216000.0,O:LOW250117C00252500,LOW,C,252.5,2025-01-17,235,0,323,1.84,1736885701892000000,290,53360.0,2025-01-14,Multi Leg floor trade,Retail-Wholesale,Retail - Home Furnishings,250.01,252.37,249.28,251.19,31,4.7272158209084925,1,1,1,1,0
LOW,Retail-Wholesale,Retail - Home Furnishings,35__0,35,0.0,6. p95_trade_value,20800.0,51479.99999999999,O:LOW250117C00255000,LOW,C,255.0,2025-01-17,209,0,316,1.29,1736868605625000000,180,23220.0,2025-01-14,Automatic Execution,Retail-Wholesale,Retail - Home Furnishings,250.01,252.37,249.28,251.19,135,4.365862215402555,1,1,1,1,0
LOW,Retail-Wholesale,Retail - Home Furnishings,35__0,35,0.0,6. p95_trade_value,20800.0,51479.99999999999,O:LOW250124C00252500,LOW,C,252.5,2025-01-24,209,0,315,2.73,1736866398749000000,85,23205.0,2025-01-14,Automatic Execution,Retail-Wholesale,Retail - Home Furnishings,250.01,252.37,249.28,251.19,136,4.365581572755048,1,1,1,1,0
LOW,Retail-Wholesale,Retail - Home Furnishings,35__0,35,0.0,6. p95_trade_value,20800.0,51479.99999999999,O:LOW250124C00252500,LOW,C,252.5,2025-01-24,209,0,313,3.3,1736869704464000000,99,32670.0,2025-01-14,Automatic Execution,Retail-Wholesale,Retail - Home Furnishings,250.01,252.37,249.28,251.19,73,4.514149134475438,1,1,1,1,0
LOW,Retail-Wholesale,Retail - Home Furnishings,35__0,35,0.0,6. p95_trade_value,20800.0,51479.99999999999,O:LOW250117C00260000,LOW,C,260.0,2025-01-17,209,0,325,1.3,1736952938427000000,185,24050.0,2025-01-15,Automatic Execution,Retail-Wholesale,Retail - Home Furnishings,257.83,259.75,256.05,256.72,125,4.381115080709851,1,1,1,1,0
LOW,Retail-Wholesale,Retail - Home Furnishings,35__0,35,0.0,6. p95_trade_value,20800.0,51479.99999999999,O:LOW250221C00262500,LOW,C,262.5,2025-02-21,209,0,313,5.2,1737659808308000000,41,21320.0,2025-01-23,Automatic Execution,Retail-Wholesale,Retail - Home Furnishings,257.8,261.5,257.8,261.32,153,4.328787200354535,1,1,0,0,0
LOW,Retail-Wholesale,Retail - Home Furnishings,35__0,35,0.0,6. p95_trade_value,20800.0,51479.99999999999,O:LOW250221C00265000,LOW,C,265.0,2025-02-21,227,0,301,4.32,1737742807990000000,52,22464.0,2025-01-24,Single Leg Auction Non ISO,Retail-Wholesale,Retail - Home Furnishings,260.9,262.98,259.38,262.2,139,4.351487090449711,1,1,0,0,0
LOW,Retail-Wholesale,Retail - Home Furnishings,35__0,35,0.0,6. p95_trade_value,20800.0,51479.99999999999,O:LOW250221C00265000,LOW,C,265.0,2025-02-21,209,0,313,4.5,1737746258391000000,49,22050.0,2025-01-24,Automatic Execution,Retail-Wholesale,Retail - Home Furnishings,260.9,262.98,259.38,262.2,142,4.343408593803857,1,1,0,0,0
LOW,Retail-Wholesale,Retail - Home Furnishings,35__0,35,0.0,6. p95_trade_value,20800.0,51479.99999999999,O:LOW250221C00265000,LOW,C,265.0,2025-02-21,209,0,313,4.45,1737745732391000000,107,47615.0,2025-01-24,Automatic Execution,Retail-Wholesale,Retail - Home Furnishings,260.9,262.98,259.38,262.2,38,4.677743788666141,1,1,0,0,0
LOW,Retail-Wholesale,Retail - Home Furnishings,35__0,35,0.0,6. p95_trade_value,20800.0,51479.99999999999,O:LOW250221C00270000,LOW,C,270.0,2025-02-21,209,0,313,5.4,1738009132395000000,45,24300.000000000004,2025-01-27,Automatic Execution,Retail-Wholesale,Retail - Home Furnishings,263.13,269.1867,263.0,268.42,121,4.385606273598312,1,0,0,0,1
LOW,Retail-Wholesale,Retail - Home Furnishings,35__0,35,0.0,6. p95_trade_value,20800.0,51479.99999999999,O:LOW250131P00260000,LOW,P,260.0,2025-01-31,209,0,307,1.24,1738177948280000000,366,45384.0,2025-01-29,Automatic Execution,Retail-Wholesale,Retail - Home Furnishings,265.195,266.6,261.41,261.73,42,4.656902770556646,1,1,1,0,0
LOW,Retail-Wholesale,Retail - Home Furnishings,35__0,35,0.0,6. p95_trade_value,20800.0,51479.99999999999,O:LOW250131P00260000,LOW,P,260.0,2025-01-31,209,0,307,1.3,1738177952109000000,312,40560.0,2025-01-29,Automatic Execution,Retail-Wholesale,Retail - Home Furnishings,265.195,266.6,261.41,261.73,49,4.608097946325279,1,1,1,0,0
LOW,Retail-Wholesale,Retail - Home Furnishings,35__0,35,0.0,5. p99_trade_value,52379.99999999999,216000.0,O:LOW250221C00267500,LOW,C,267.5,2025-02-21,209,0,313,4.6,1738176646466000000,162,74520.0,2025-01-29,Automatic Execution,Retail-Wholesale,Retail - Home Furnishings,265.195,266.6,261.41,261.73,18,4.872272846224205,1,0,0,0,1
LOW,Retail-Wholesale,Retail - Home Furnishings,35__0,35,0.0,5. p99_trade_value,52379.99999999999,216000.0,O:LOW250221C00267500,LOW,C,267.5,2025-02-21,209,0,313,4.95,1738262684071000000,106,52470.00000000001,2025-01-30,Automatic Execution,Retail-Wholesale,Retail - Home Furnishings,263.65,266.555,262.45,264.0,32,4.719911064198339,1,0,0,0,1
LOW,Retail-Wholesale,Retail - Home Furnishings,35__0,35,0.0,5. p99_trade_value,52379.99999999999,216000.0,O:LOW250207P00247500,LOW,P,247.5,2025-02-07,209,0,316,1.4,1738594817772000000,474,66359.99999999999,2025-02-03,Automatic Execution,Retail-Wholesale,Retail - Home Furnishings,256.04,258.68,252.38,256.5,23,4.821906377352323,1,0,0,0,1
LOW,Retail-Wholesale,Retail - Home Furnishings,35__0,35,0.0,5. p99_trade_value,52379.99999999999,216000.0,O:LOW250221P00255000,LOW,P,255.0,2025-02-21,209,0,316,2.86,1739292866666000000,318,90947.99999999999,2025-02-11,Automatic Execution,Retail-Wholesale,Retail - Home Furnishings,256.0,257.925,255.6,257.03,13,4.958793153113476,1,1,1,1,0
LOW,Retail-Wholesale,Retail - Home Furnishings,35__0,35,0.0,5. p99_trade_value,52379.99999999999,216000.0,O:LOW250228C00260000,LOW,C,260.0,2025-02-28,209,0,303,6.1,1739289846476000000,198,120780.0,2025-02-11,Automatic Execution,Retail-Wholesale,Retail - Home Furnishings,256.0,257.925,255.6,257.03,8,5.081995025272298,1,0,0,0,1
LOW,Retail-Wholesale,Retail - Home Furnishings,35__0,35,0.0,6. p95_trade_value,20800.0,51479.99999999999,O:LOW250314P00240000,LOW,P,240.0,2025-03-14,209,0,303,5.1,1740062785382000000,50,25499.999999999996,2025-02-20,Automatic Execution,Retail-Wholesale,Retail - Home Furnishings,246.18,246.68,244.11,246.42,102,4.4065401804339555,1,1,1,1,0
LOW,Retail-Wholesale,Retail - Home Furnishings,35__0,35,0.0,6. p95_trade_value,20800.0,51479.99999999999,O:LOW250314P00240000,LOW,P,240.0,2025-03-14,227,0,300,5.0,1740067898283000000,96,48000.0,2025-02-20,Single Leg Auction Non ISO,Retail-Wholesale,Retail - Home Furnishings,246.18,246.68,244.11,246.42,37,4.681241237375588,1,1,1,1,0
LOW,Retail-Wholesale,Retail - Home Furnishings,35__0,35,0.0,6. p95_trade_value,20800.0,51479.99999999999,O:LOW250228P00230000,LOW,P,230.0,2025-02-28,232,0,308,3.04,1740422874993000000,77,23408.0,2025-02-24,Multi Leg auto-electronic trade,Retail-Wholesale,Retail - Home Furnishings,238.84,239.455,235.93,237.08,133,4.369364308781235,1,0,0,0,1
LOW,Retail-Wholesale,Retail - Home Furnishings,35__0,35,0.0,5. p99_trade_value,52379.99999999999,216000.0,O:LOW250321P00235000,LOW,P,235.0,2025-03-21,227,0,300,6.86,1740411998446000000,164,112504.0,2025-02-24,Single Leg Auction Non ISO,Retail-Wholesale,Retail - Home Furnishings,238.84,239.455,235.93,237.08,10,5.05116796375445,1,1,1,1,0
LOW,Retail-Wholesale,Retail - Home Furnishings,35__0,35,0.0,6. p95_trade_value,20800.0,51479.99999999999,O:LOW250228C00245000,LOW,C,245.0,2025-02-28,209,0,325,4.7,1740513547731000000,92,43240.0,2025-02-25,Automatic Execution,Retail-Wholesale,Retail - Home Furnishings,238.0,244.44,238.0,242.39,44,4.635885685281273,1,1,1,1,0
LOW,Retail-Wholesale,Retail - Home Furnishings,35__0,35,0.0,6. p95_trade_value,20800.0,51479.99999999999,O:LOW250228C00245000,LOW,C,245.0,2025-02-28,209,0,325,4.8,1740513505544000000,99,47520.0,2025-02-25,Automatic Execution,Retail-Wholesale,Retail - Home Furnishings,238.0,244.44,238.0,242.39,41,4.676876431973137,1,1,1,1,0
LOW,Retail-Wholesale,Retail - Home Furnishings,35__0,35,0.0,4. p999_trade_value,241917.49999999997,285000.0,O:LOW250228C00245000,LOW,C,245.0,2025-02-28,242,0,300,4.3,1740504420940000000,600,258000.0,2025-02-25,Stock Options floor trade,Retail-Wholesale,Retail - Home Furnishings,238.0,244.44,238.0,242.39,3,5.41161970596323,1,1,1,1,0
LOW,Retail-Wholesale,Retail - Home Furnishings,35__0,35,0.0,6. p95_trade_value,20800.0,51479.99999999999,O:LOW250228P00230000,LOW,P,230.0,2025-02-28,209,0,307,2.24,1740493870394000000,112,25088.000000000004,2025-02-25,Automatic Execution,Retail-Wholesale,Retail - Home Furnishings,238.0,244.44,238.0,242.39,109,4.399466041004344,1,0,0,0,1
LOW,Retail-Wholesale,Retail - Home Furnishings,35__0,35,0.0,6. p95_trade_value,20800.0,51479.99999999999,O:LOW250321C00250000,LOW,C,250.0,2025-03-21,227,0,312,4.3,1740494228144000000,50,21500.0,2025-02-25,Single Leg Auction Non ISO,Retail-Wholesale,Retail - Home Furnishings,238.0,244.44,238.0,242.39,151,4.332438459915605,1,1,0,0,0
LOW,Retail-Wholesale,Retail - Home Furnishings,35__0,35,0.0,6. p95_trade_value,20800.0,51479.99999999999,O:LOW250321C00255000,LOW,C,255.0,2025-03-21,232,0,313,3.54,1740513801824000000,59,20886.0,2025-02-25,Multi Leg auto-electronic trade,Retail-Wholesale,Retail - Home Furnishings,238.0,244.44,238.0,242.39,159,4.319855273667932,1,0,0,0,1
LOW,Retail-Wholesale,Retail - Home Furnishings,35__0,35,0.0,6. p95_trade_value,20800.0,51479.99999999999,O:LOW250321C00255000,LOW,C,255.0,2025-03-21,232,0,313,3.55,1740513799154000000,59,20945.0,2025-02-25,Multi Leg auto-electronic trade,Retail-Wholesale,Retail - Home Furnishings,238.0,244.44,238.0,242.39,158,4.321080364697238,1,0,0,0,1
LOW,Retail-Wholesale,Retail - Home Furnishings,35__0,35,0.0,5. p99_trade_value,52379.99999999999,216000.0,O:LOW250321P00235000,LOW,P,235.0,2025-03-21,227,0,300,4.86,1740496831342000000,146,70956.0,2025-02-25,Single Leg Auction Non ISO,Retail-Wholesale,Retail - Home Furnishings,238.0,244.44,238.0,242.39,19,4.8509891250467305,1,1,1,1,0
LOW,Retail-Wholesale,Retail - Home Furnishings,35__0,35,0.0,6. p95_trade_value,20800.0,51479.99999999999,O:LOW250321P00240000,LOW,P,240.0,2025-03-21,232,0,308,2.4,1740585457708000000,93,22320.0,2025-02-26,Multi Leg auto-electronic trade,Retail-Wholesale,Retail - Home Furnishings,251.93,252.95,241.07,247.07,140,4.348694190265541,1,1,1,1,0
LOW,Retail-Wholesale,Retail - Home Furnishings,35__0,35,0.0,6. p95_trade_value,20800.0,51479.99999999999,O:LOW250321P00237500,LOW,P,237.5,2025-03-21,209,0,302,2.57,1740685325849000000,145,37265.0,2025-02-27,Automatic Execution,Retail-Wholesale,Retail - Home Furnishings,247.08,248.45,244.93,245.5,58,4.571301125566269,1,1,1,1,0
LOW,Retail-Wholesale,Retail - Home Furnishings,35__0,35,0.0,5. p99_trade_value,52379.99999999999,216000.0,O:LOW250321C00250000,LOW,C,250.0,2025-03-21,235,0,323,5.4,1740755179690000000,400,216000.0,2025-02-28,Multi Leg floor trade,Retail-Wholesale,Retail - Home Furnishings,248.17,249.71,244.3,248.64,5,5.334453751150931,1,0,0,0,1
LOW,Retail-Wholesale,Retail - Home Furnishings,35__0,35,0.0,5. p99_trade_value,52379.99999999999,216000.0,O:LOW250314P00232500,LOW,P,232.5,2025-03-14,231,0,301,1.08,1741291585457000000,1600,172800.0,2025-03-06,Single Leg Floor Trade,Retail-Wholesale,Retail - Home Furnishings,241.82,245.31,240.04,243.5,7,5.237543738142874,1,1,1,1,0
LOW,Retail-Wholesale,Retail - Home Furnishings,35__0,35,0.0,5. p99_trade_value,52379.99999999999,216000.0,O:LOW250321P00220000,LOW,P,220.0,2025-03-21,240,0,302,2.6,1741874646935000000,240,62400.0,2025-03-13,Stock Options auto-electronic trade,Retail-Wholesale,Retail - Home Furnishings,227.73,228.355,220.167,222.66,26,4.795184589682424,1,0,0,0,1
LOW,Retail-Wholesale,Retail - Home Furnishings,35__0,35,0.0,6. p95_trade_value,20800.0,51479.99999999999,O:LOW250417P00220000,LOW,P,220.0,2025-04-17,209,0,322,4.6,1742409814827000000,88,40479.99999999999,2025-03-19,Automatic Execution,Retail-Wholesale,Retail - Home Furnishings,223.8,225.89,222.42,225.51,50,4.6072405038317426,1,1,1,1,0
LOW,Retail-Wholesale,Retail - Home Furnishings,35__0,35,0.0,6. p95_trade_value,20800.0,51479.99999999999,O:LOW250417P00220000,LOW,P,220.0,2025-04-17,209,0,322,3.3,1742490670352000000,69,22770.0,2025-03-20,Automatic Execution,Retail-Wholesale,Retail - Home Furnishings,225.54,229.56,224.01,226.26,138,4.357363030615143,1,1,1,1,0
LOW,Retail-Wholesale,Retail - Home Furnishings,35__0,35,0.0,6. p95_trade_value,20800.0,51479.99999999999,O:LOW250417C00230000,LOW,C,230.0,2025-04-17,209,0,313,4.6,1742579476916000000,55,25299.999999999996,2025-03-21,Automatic Execution,Retail-Wholesale,Retail - Home Furnishings,224.34,227.19,221.0,227.07,105,4.4031205211758175,1,1,0,0,0
LOW,Retail-Wholesale,Retail - Home Furnishings,35__0,35,0.0,5. p99_trade_value,52379.99999999999,216000.0,O:LOW250417C00230000,LOW,C,230.0,2025-04-17,227,0,308,4.15,1742586291222000000,436,180940.0,2025-03-21,Single Leg Auction Non ISO,Retail-Wholesale,Retail - Home Furnishings,224.34,227.19,221.0,227.07,6,5.257534585980679,1,1,0,0,0
LOW,Retail-Wholesale,Retail - Home Furnishings,35__0,35,0.0,6. p95_trade_value,20800.0,51479.99999999999,O:LOW250417P00220000,LOW,P,220.0,2025-04-17,209,0,322,3.35,1742585339093000000,102,34170.0,2025-03-21,Automatic Execution,Retail-Wholesale,Retail - Home Furnishings,224.34,227.19,221.0,227.07,67,4.533644978798763,1,1,1,1,0
LOW,Retail-Wholesale,Retail - Home Furnishings,35__0,35,0.0,6. p95_trade_value,20800.0,51479.99999999999,O:LOW250417P00220000,LOW,P,220.0,2025-04-17,209,0,322,3.4,1742585339365000000,101,34340.0,2025-03-21,Automatic Execution,Retail-Wholesale,Retail - Home Furnishings,224.34,227.19,221.0,227.07,66,4.5358002908248976,1,1,1,1,0
LOW,Retail-Wholesale,Retail - Home Furnishings,35__0,35,0.0,6. p95_trade_value,20800.0,51479.99999999999,O:LOW250404P00210000,LOW,P,210.0,2025-04-04,232,0,304,0.22,1743010099961000000,1000,22000.0,2025-03-26,Multi Leg auto-electronic trade,Retail-Wholesale,Retail - Home Furnishings,230.8,233.57,230.66,232.05,145,4.342422680822207,1,0,0,0,1
LOW,Retail-Wholesale,Retail - Home Furnishings,35__0,35,0.0,5. p99_trade_value,52379.99999999999,216000.0,O:LOW250404P00220000,LOW,P,220.0,2025-04-04,232,0,304,0.83,1743010099961000000,1000,83000.0,2025-03-26,Multi Leg auto-electronic trade,Retail-Wholesale,Retail - Home Furnishings,230.8,233.57,230.66,232.05,15,4.919078092376074,1,1,1,0,0
LOW,Retail-Wholesale,Retail - Home Furnishings,35__0,35,0.0,6. p95_trade_value,20800.0,51479.99999999999,O:LOW250417C00250000,LOW,C,250.0,2025-04-17,231,0,301,0.6,1743018857837000000,800,48000.0,2025-03-26,Single Leg Floor Trade,Retail-Wholesale,Retail - Home Furnishings,230.8,233.57,230.66,232.05,36,4.681241237375588,1,0,0,0,1
LOW,Retail-Wholesale,Retail - Home Furnishings,35__0,35,0.0,5. p99_trade_value,52379.99999999999,216000.0,O:LOW250404P00220000,LOW,P,220.0,2025-04-04,231,0,313,0.48,1743098861131000000,1200,57600.0,2025-03-27,Single Leg Floor Trade,Retail-Wholesale,Retail - Home Furnishings,232.74,233.88,230.86,232.17,29,4.760422483423212,1,1,1,0,0
LOW,Retail-Wholesale,Retail - Home Furnishings,35__0,35,0.0,6. p95_trade_value,20800.0,51479.99999999999,O:LOW250411C00242500,LOW,C,242.5,2025-04-11,209,0,313,1.49,1743534951727000000,167,24883.0,2025-04-01,Automatic Execution,Retail-Wholesale,Retail - Home Furnishings,232.4,234.51,230.48,234.01,111,4.395902739559857,1,0,0,0,1
LOW,Retail-Wholesale,Retail - Home Furnishings,35__0,35,0.0,6. p95_trade_value,20800.0,51479.99999999999,O:LOW250404C00227500,LOW,C,227.5,2025-04-04,209,0,325,1.11,1743697468982000000,246,27306.0,2025-04-03,Automatic Execution,Retail-Wholesale,Retail - Home Furnishings,222.785,226.17,220.61,222.52,91,4.436258085890037,1,1,1,0,0
LOW,Retail-Wholesale,Retail - Home Furnishings,35__0,35,0.0,6. p95_trade_value,20800.0,51479.99999999999,O:LOW250417C00232500,LOW,C,232.5,2025-04-17,209,0,313,1.77,1743704923734000000,161,28497.000000000004,2025-04-03,Automatic Execution,Retail-Wholesale,Retail - Home Furnishings,222.785,226.17,220.61,222.52,87,4.454799142393656,1,0,0,0,1
LOW,Retail-Wholesale,Retail - Home Furnishings,35__0,35,0.0,5. p99_trade_value,52379.99999999999,216000.0,O:LOW250417C00225000,LOW,C,225.0,2025-04-17,209,0,316,4.85,1744228756105000000,108,52379.99999999999,2025-04-09,Automatic Execution,Retail-Wholesale,Retail - Home Furnishings,208.795,224.31,206.385,223.2,33,4.719165494089213,1,1,0,0,0
LOW,Retail-Wholesale,Retail - Home Furnishings,35__0,35,0.0,6. p95_trade_value,20800.0,51479.99999999999,O:LOW250425P00197500,LOW,P,197.5,2025-04-25,209,0,313,6.2,1744209119717000000,66,40920.0,2025-04-09,Automatic Execution,Retail-Wholesale,Retail - Home Furnishings,208.795,224.31,206.385,223.2,48,4.611935625040123,1,0,0,0,1
LOW,Retail-Wholesale,Retail - Home Furnishings,35__0,35,0.0,6. p95_trade_value,20800.0,51479.99999999999,O:LOW250425C00225000,LOW,C,225.0,2025-04-25,209,0,316,5.7,1744308195947000000,57,32490.000000000004,2025-04-10,Automatic Execution,Retail-Wholesale,Retail - Home Furnishings,220.96,223.4,213.36,221.2,75,4.511749711344983,1,1,0,0,0
LOW,Retail-Wholesale,Retail - Home Furnishings,35__0,35,0.0,5. p99_trade_value,52379.99999999999,216000.0,O:LOW250417C00222500,LOW,C,222.5,2025-04-17,209,0,325,4.05,1744400430216000000,200,81000.0,2025-04-11,Automatic Execution,Retail-Wholesale,Retail - Home Furnishings,219.35,221.17,213.83,220.35,16,4.9084850188786495,1,1,0,0,0
LOW,Retail-Wholesale,Retail - Home Furnishings,35__0,35,0.0,5. p99_trade_value,52379.99999999999,216000.0,O:LOW250417C00222500,LOW,C,222.5,2025-04-17,209,0,325,3.5,1744382175027000000,193,67550.0,2025-04-11,Automatic Execution,Retail-Wholesale,Retail - Home Furnishings,219.35,221.17,213.83,220.35,21,4.8296253533580495,1,1,0,0,0
LOW,Retail-Wholesale,Retail - Home Furnishings,35__0,35,0.0,5. p99_trade_value,52379.99999999999,216000.0,O:LOW250516C00230000,LOW,C,230.0,2025-05-16,232,0,312,2.87,1744907696467000000,188,53956.00000000001,2025-04-17,Multi Leg auto-electronic trade,Retail-Wholesale,Retail - Home Furnishings,217.02,220.69,215.78,219.0,30,4.732039745997672,1,1,1,1,0
LOW,Retail-Wholesale,Retail - Home Furnishings,35__0,35,0.0,6. p95_trade_value,20800.0,51479.99999999999,O:LOW250516C00237500,LOW,C,237.5,2025-05-16,227,0,304,1.04,1745347127530000000,202,21008.0,2025-04-22,Single Leg Auction Non ISO,Retail-Wholesale,Retail - Home Furnishings,214.795,220.55,214.565,219.07,154,4.322384708745404,1,0,0,0,1
LOW,Retail-Wholesale,Retail - Home Furnishings,35__0,35,0.0,6. p95_trade_value,20800.0,51479.99999999999,O:LOW250516C00237500,LOW,C,237.5,2025-05-16,227,0,304,1.04,1745347127530000000,376,39104.0,2025-04-22,Single Leg Auction Non ISO,Retail-Wholesale,Retail - Home Furnishings,214.795,220.55,214.565,219.07,54,4.5922211842264415,1,0,0,0,1
LOW,Retail-Wholesale,Retail - Home Furnishings,35__0,35,0.0,6. p95_trade_value,20800.0,51479.99999999999,O:LOW250516C00230000,LOW,C,230.0,2025-05-16,233,0,302,4.76,1745415732010000000,100,47600.0,2025-04-23,Multi Leg Auction,Retail-Wholesale,Retail - Home Furnishings,222.125,225.66,217.15,217.76,39,4.6776069527204935,1,1,1,1,0
LOW,Retail-Wholesale,Retail - Home Furnishings,35__0,35,0.0,6. p95_trade_value,20800.0,51479.99999999999,O:LOW250516C00230000,LOW,C,230.0,2025-05-16,233,0,302,4.76,1745415732010000000,100,47600.0,2025-04-23,Multi Leg Auction,Retail-Wholesale,Retail - Home Furnishings,222.125,225.66,217.15,217.76,40,4.6776069527204935,1,1,1,1,0
LOW,Retail-Wholesale,Retail - Home Furnishings,35__0,35,0.0,5. p99_trade_value,52379.99999999999,216000.0,O:LOW250516C00237500,LOW,C,237.5,2025-05-16,227,0,312,0.95,1745504157624000000,746,70870.0,2025-04-24,Single Leg Auction Non ISO,Retail-Wholesale,Retail - Home Furnishings,217.76,222.94,216.29,222.05,20,4.850462432761517,1,0,0,0,1
LOW,Retail-Wholesale,Retail - Home Furnishings,35__0,35,0.0,6. p95_trade_value,20800.0,51479.99999999999,O:LOW250509P00210000,LOW,P,210.0,2025-05-09,209,0,303,1.25,1746019882664000000,250,31250.0,2025-04-30,Automatic Execution,Retail-Wholesale,Retail - Home Furnishings,221.93,224.0,218.19,223.56,79,4.494850021680094,1,0,0,0,1
LOW,Retail-Wholesale,Retail - Home Furnishings,35__0,35,0.0,6. p95_trade_value,20800.0,51479.99999999999,O:LOW250530C00240000,LOW,C,240.0,2025-05-30,232,0,308,3.64,1747075666557000000,60,21840.0,2025-05-12,Multi Leg auto-electronic trade,Retail-Wholesale,Retail - Home Furnishings,231.0,233.76,230.27,232.78,146,4.339252634032699,1,0,0,0,1
LOW,Retail-Wholesale,Retail - Home Furnishings,35__0,35,0.0,6. p95_trade_value,20800.0,51479.99999999999,O:LOW250530C00235000,LOW,C,235.0,2025-05-30,232,0,308,4.07,1747242745774000000,71,28897.000000000004,2025-05-14,Multi Leg auto-electronic trade,Retail-Wholesale,Retail - Home Furnishings,229.5,231.17,228.04,228.51,85,4.460852757944296,1,1,0,0,0
LOW,Retail-Wholesale,Retail - Home Furnishings,35__0,35,0.0,6. p95_trade_value,20800.0,51479.99999999999,O:LOW250523P00225000,LOW,P,225.0,2025-05-23,232,0,301,2.91,1747662059564000000,100,29100.0,2025-05-19,Multi Leg auto-electronic trade,Retail-Wholesale,Retail - Home Furnishings,230.36,236.0,229.96,234.43,84,4.463892988985907,1,1,1,1,0
LOW,Retail-Wholesale,Retail - Home Furnishings,35__0,35,0.0,6. p95_trade_value,20800.0,51479.99999999999,O:LOW250523P00225000,LOW,P,225.0,2025-05-23,233,0,302,2.75,1747662282755000000,80,22000.0,2025-05-19,Multi Leg Auction,Retail-Wholesale,Retail - Home Furnishings,230.36,236.0,229.96,234.43,144,4.342422680822207,1,1,1,1,0
LOW,Retail-Wholesale,Retail - Home Furnishings,35__0,35,0.0,6. p95_trade_value,20800.0,51479.99999999999,O:LOW250523P00225000,LOW,P,225.0,2025-05-23,232,0,323,2.36,1747769958470000000,100,23600.0,2025-05-20,Multi Leg auto-electronic trade,Retail-Wholesale,Retail - Home Furnishings,237.0,237.54,230.15,231.25,132,4.372912002970106,1,1,1,1,0
LOW,Retail-Wholesale,Retail - Home Furnishings,35__0,35,0.0,6. p95_trade_value,20800.0,51479.99999999999,O:LOW250606P00227500,LOW,P,227.5,2025-06-06,232,0,323,4.93,1747769958470000000,100,49300.0,2025-05-20,Multi Leg auto-electronic trade,Retail-Wholesale,Retail - Home Furnishings,237.0,237.54,230.15,231.25,35,4.69284691927723,1,1,1,1,0
LOW,Retail-Wholesale,Retail - Home Furnishings,35__0,35,0.0,4. p999_trade_value,241917.49999999997,285000.0,O:LOW250620C00240000,LOW,C,240.0,2025-06-20,241,0,323,2.85,1747836741763000000,1000,285000.0,2025-05-21,Stock Options Cross,Retail-Wholesale,Retail - Home Furnishings,232.7,233.14,225.18,227.37,2,5.45484486000851,1,0,0,0,1
LOW,Retail-Wholesale,Retail - Home Furnishings,35__0,35,0.0,6. p95_trade_value,20800.0,51479.99999999999,O:LOW250620C00235000,LOW,C,235.0,2025-06-20,209,0,313,2.48,1747939473476000000,114,28271.999999999996,2025-05-22,Automatic Execution,Retail-Wholesale,Retail - Home Furnishings,226.08,227.45,222.97,223.75,88,4.451356532162689,1,0,0,0,1
LOW,Retail-Wholesale,Retail - Home Furnishings,35__0,35,0.0,6. p95_trade_value,20800.0,51479.99999999999,O:LOW250620C00232500,LOW,C,232.5,2025-06-20,209,0,313,2.23,1748026856892000000,177,39471.0,2025-05-23,Automatic Execution,Retail-Wholesale,Retail - Home Furnishings,220.91,222.97,220.26,221.07,52,4.596278129409967,1,0,0,0,1
LOW,Retail-Wholesale,Retail - Home Furnishings,35__0,35,0.0,6. p95_trade_value,20800.0,51479.99999999999,O:LOW250620C00232500,LOW,C,232.5,2025-06-20,209,0,313,2.41,1748545410641000000,113,27233.000000000004,2025-05-29,Automatic Execution,Retail-Wholesale,Retail - Home Furnishings,225.54,226.0,221.66,224.93,92,4.435095486058288,1,0,0,0,1
BBY,Retail-Wholesale,Retail - Consumer Electronics,35__4,35,4.0,4. p999_trade_value,360000.0,813868.0,O:BBY240906C00090000,BBY,C,90.0,2024-09-06,233,0,301,3.49,1724684721372000000,2332,813868.0,2024-08-26,Multi Leg Auction,Retail-Wholesale,Retail - Consumer Electronics,88.43,89.67,87.79,88.89,2,5.910553973046157,1,1,1,1,0
BBY,Retail-Wholesale,Retail - Consumer Electronics,35__4,35,4.0,1. p999999_trade_value,1172745.0,1172745.0,O:BBY241220P00086000,BBY,P,86.0,2024-12-20,229,0,313,3.15,1732296377391000000,3723,1172745.0,2024-11-22,Single Leg Cross Non ISO,Retail-Wholesale,Retail - Consumer Electronics,87.36,90.22,87.0,89.54,1,6.069203590007993,1,1,1,1,0
BBY,Retail-Wholesale,Retail - Consumer Electronics,35__4,35,4.0,4. p999_trade_value,360000.0,813868.0,O:BBY241220P00083000,BBY,P,83.0,2024-12-20,235,0,300,1.44,1732634278311000000,3123,449712.0,2024-11-26,Multi Leg floor trade,Retail-Wholesale,Retail - Consumer Electronics,86.56,88.9,83.81,88.48,3,5.6529344763254485,1,0,0,0,1
BBY,Retail-Wholesale,Retail - Consumer Electronics,35__4,35,4.0,4. p999_trade_value,360000.0,813868.0,O:BBY250516C00068000,BBY,C,68.0,2025-05-16,239,0,302,2.0,1746121329755000000,1800,360000.0,2025-05-01,Multi Leg floor trade against single leg(s),Retail-Wholesale,Retail - Consumer Electronics,67.29,67.825,66.71,67.04,4,5.556302500767287,1,1,1,1,0
BURL,Retail-Wholesale,Retail - Discount Stores,35__4,35,4.0,4. p999_trade_value,950000.0,1543239.9999999998,O:BURL250321C00250000,BURL,C,250.0,2025-03-21,233,0,302,8.2,1740423713438000000,1882,1543239.9999999998,2025-02-24,Multi Leg Auction,Retail-Wholesale,Retail - Discount Stores,237.19,238.09,229.65,235.92,2,6.188433471474955,1,1,0,0,0
BURL,Retail-Wholesale,Retail - Discount Stores,35__4,35,4.0,1. p999999_trade_value,1725000.0,1725000.0,O:BURL250321C00240000,BURL,C,240.0,2025-03-21,235,0,300,11.5,1741208247136000000,1500,1725000.0,2025-03-05,Multi Leg floor trade,Retail-Wholesale,Retail - Discount Stores,228.12,239.57,226.205,236.95,1,6.236789099409293,1,1,0,0,0
BURL,Retail-Wholesale,Retail - Discount Stores,35__4,35,4.0,4. p999_trade_value,950000.0,1543239.9999999998,O:BURL250620P00230000,BURL,P,230.0,2025-06-20,235,0,323,11.5,1748010066341000000,900,1035000.0,2025-05-23,Multi Leg floor trade,Retail-Wholesale,Retail - Discount Stores,244.14,244.14,233.76,234.74,3,6.014940349792936,1,1,0,0,0
BURL,Retail-Wholesale,Retail - Discount Stores,35__4,35,4.0,4. p999_trade_value,950000.0,1543239.9999999998,O:BURL250530P00235000,BURL,P,235.0,2025-05-30,235,0,323,9.5,1748375820511000000,1000,950000.0,2025-05-27,Multi Leg floor trade,Retail-Wholesale,Retail - Discount Stores,238.0,244.25,237.355,240.71,4,5.977723605288848,1,1,1,1,0
DPZ,Retail-Wholesale,Retail - Restaurants,35__3,35,3.0,1. p999999_trade_value,623700.0,623700.0,O:DPZ250417P00450000,DPZ,P,450.0,2025-04-17,235,0,300,7.0,1743524051171000000,891,623700.0,2025-04-01,Multi Leg floor trade,Retail-Wholesale,Retail - Restaurants,459.26,466.0,456.0,465.47,1,5.794975744051132,1,1,0,0,0
FIVE,Retail-Wholesale,Retail - Miscellaneous,35__1,35,1.0,1. p999999_trade_value,777000.0,777000.0,O:FIVE240920C00085000,FIVE,C,85.0,2024-09-20,235,0,313,5.18,1724767582491000000,1500,777000.0,2024-08-27,Multi Leg floor trade,Retail-Wholesale,Retail - Miscellaneous,83.03,84.0,82.04,82.52,1,5.8904210188009145,1,1,1,1,0
